pclass,survived,name,sex,age,sibsp,parch,ticket,fare,cabin,embarked,boat,body,home.dest
3,0,"Cacic, Miss. Marija",female,30.0,0,0,315084,8.6625,,S,,,
3,1,"Barah, Mr. Hanna Assi",male,20.0,0,0,2663,7.2292,,C,15,,
1,1,"Cardeza, Mrs. James Warburton Martinez (Charlotte Wardle Drake)",female,58.0,0,1,PC 17755,512.3292,B51 B53 B55,C,3,,"Germantown, Philadelphia, PA"
3,0,"Saundercock, Mr. William Henry",male,20.0,0,0,A/5. 2151,8.05,,S,,,
3,0,"Lefebre, Mrs. Frank (Frances)",female,,0,4,4133,25.4667,,S,,,
3,0,"Connolly, Miss. Kate",female,30.0,0,0,330972,7.6292,,Q,,,Ireland
3,0,"Fischer, Mr. Eberhard Thelander",male,18.0,0,0,350036,7.7958,,S,,,
3,0,"Green, Mr. George Henry",male,51.0,0,0,21440,8.05,,S,,,"Dorking, Surrey, England"
2,1,"Bryhl, Miss. Dagmar Jenny Ingeborg ",female,20.0,1,0,236853,26.0,,S,12,,"Skara, Sweden / Rockford, IL"
3,1,"Touma, Master. Georges Youssef",male,7.0,1,1,2650,15.2458,,C,C,,
1,0,"Guggenheim, Mr. Benjamin",male,46.0,0,0,PC 17593,79.2,B82 B84,C,,,"New York, NY"
2,0,"Keane, Mr. Daniel",male,35.0,0,0,233734,12.35,,Q,,,
3,0,"Jardin, Mr. Jose Neto",male,,0,0,SOTON/O.Q. 3101305,7.05,,S,,,
3,0,"Linehan, Mr. Michael",male,,0,0,330971,7.8792,,Q,,,
3,1,"Ayoub, Miss. Banoura",female,13.0,0,0,2687,7.2292,,C,C,,"Syria Youngstown, OH"
2,0,"Drew, Mr. James Vivian",male,42.0,1,1,28220,32.5,,S,,,"Greenport, NY"
2,0,"Myles, Mr. Thomas Francis",male,62.0,0,0,240276,9.6875,,Q,,,"Cambridge, MA"
3,0,"Torfa, Mr. Assad",male,,0,0,2673,7.2292,,C,,,
1,1,"Woolner, Mr. Hugh",male,,0,0,19947,35.5,C52,S,D,,"London, England"
1,0,"Beattie, Mr. Thomson",male,36.0,0,0,13050,75.2417,C6,C,A,,"Winnipeg, MN"
3,0,"Bourke, Mrs. John (Catherine)",female,32.0,1,1,364849,15.5,,Q,,,"Ireland Chicago, IL"
1,1,"Bowen, Miss. Grace Scott",female,45.0,0,0,PC 17608,262.375,,C,4,,"Cooperstown, NY"
3,0,"Goncalves, Mr. Manuel Estanslas",male,38.0,0,0,SOTON/O.Q. 3101306,7.05,,S,,,Portugal
3,0,"Johnston, Mr. Andrew G",male,,1,2,W./C. 6607,23.45,,S,,,
2,0,"Milling, Mr. Jacob Christian",male,48.0,0,0,234360,13.0,,S,,271.0,"Copenhagen, Denmark"
3,0,"Goodwin, Master. William Frederick",male,11.0,5,2,CA 2144,46.9,,S,,,"Wiltshire, England Niagara Falls, NY"
3,0,"Sage, Master. William Henry",male,14.5,8,2,CA. 2343,69.55,,S,,67.0,
2,1,"Faunthorpe, Mrs. Lizzie (Elizabeth Anne Wilkinson)",female,29.0,1,0,2926,26.0,,S,16,,
3,0,"Keane, Mr. Andrew ""Andy""",male,,0,0,12460,7.75,,Q,,,
3,0,"Gilinski, Mr. Eliezer",male,22.0,0,0,14973,8.05,,S,,47.0,
3,1,"Hirvonen, Miss. Hildur E",female,2.0,0,1,3101298,12.2875,,S,15,,
2,0,"Ponesell, Mr. Martin",male,34.0,0,0,250647,13.0,,S,,,"Denmark / New York, NY"
3,1,"de Messemaeker, Mr. Guillaume Joseph",male,36.5,1,0,345572,17.4,,S,15,,"Tampico, MT"
3,0,"Sadowitz, Mr. Harry",male,,0,0,LP 1588,7.575,,S,,,
3,1,"Nakid, Miss. Maria (""Mary"")",female,1.0,0,2,2653,15.7417,,C,C,,
1,0,"Brady, Mr. John Bertram",male,41.0,0,0,113054,30.5,A21,S,,,"Pomeroy, WA"
1,0,"Kenyon, Mr. Frederick R",male,41.0,1,0,17464,51.8625,D21,S,,,"Southington / Noank, CT"
1,1,"Rothes, the Countess. of (Lucy Noel Martha Dyer-Edwards)",female,33.0,0,0,110152,86.5,B77,S,8,,"London  Vancouver, BC"
3,0,"Ford, Mr. William Neal",male,16.0,1,3,W./C. 6608,34.375,,S,,,"Rotherfield, Sussex, England Essex Co, MA"
3,0,"Samaan, Mr. Hanna",male,,2,0,2662,21.6792,,C,,,
3,0,"Pedersen, Mr. Olaf",male,,0,0,345498,7.775,,S,,,
3,1,"Olsson, Mr. Oscar Wilhelm",male,32.0,0,0,347079,7.775,,S,A,,
3,0,"Dyker, Mr. Adolf Fredrik",male,23.0,1,0,347072,13.9,,S,,,"West Haven, CT"
2,1,"Louch, Mrs. Charles Alexander (Alice Adelaide Slow)",female,42.0,1,0,SC/AH 3085,26.0,,S,,,"Weston-Super-Mare, Somerset"
1,0,"Hays, Mr. Charles Melville",male,55.0,1,1,12749,93.5,B69,S,,307.0,"Montreal, PQ"
3,0,"Lennon, Miss. Mary",female,,1,0,370371,15.5,,Q,,,
3,0,"Harmer, Mr. Abraham (David Lishin)",male,25.0,0,0,374887,7.25,,S,B,,
3,1,"Andersson, Miss. Erna Alexandra",female,17.0,4,2,3101281,7.925,,S,D,,"Ruotsinphyhtaa, Finland New York, NY"
3,0,"Bowen, Mr. David John ""Dai""",male,21.0,0,0,54636,16.1,,S,,,"Treherbert, Cardiff, Wales"
2,0,"Sweet, Mr. George Frederick",male,14.0,0,0,220845,65.0,,S,,,"Somerset / Bernardsville, NJ"
3,1,"Thorneycroft, Mrs. Percival (Florence Kate White)",female,,1,0,376564,16.1,,S,10,,
1,1,"Baxter, Mrs. James (Helene DeLaudeniere Chaput)",female,50.0,0,1,PC 17558,247.5208,B58 B60,C,6,,"Montreal, PQ"
1,1,"Futrelle, Mrs. Jacques Heath (Lily May Peel)",female,35.0,1,0,113803,53.1,C123,S,D,,"Scituate, MA"
3,0,"Khalil, Mr. Betros",male,,1,0,2660,14.4542,,C,,,
3,1,"Lundin, Miss. Olga Elida",female,23.0,0,0,347469,7.8542,,S,10,,
3,0,"Webber, Mr. James",male,,0,0,SOTON/OQ 3101316,8.05,,S,,,
1,1,"Longley, Miss. Gretchen Fiske",female,21.0,0,0,13502,77.9583,D9,S,10,,"Hudson, NY"
3,0,"Mangan, Miss. Mary",female,30.5,0,0,364850,7.75,,Q,,61.0,
3,0,"Vendel, Mr. Olof Edvin",male,20.0,0,0,350416,7.8542,,S,,,
3,1,"Abrahamsson, Mr. Abraham August Johannes",male,20.0,0,0,SOTON/O2 3101284,7.925,,S,15,,"Taalintehdas, Finland Hoboken, NJ"
1,1,"Kreuchen, Miss. Emilie",female,39.0,0,0,24160,211.3375,,S,2,,
1,0,"Walker, Mr. William Anderson",male,47.0,0,0,36967,34.0208,D46,S,,,"East Orange, NJ"
2,0,"Matthews, Mr. William John",male,30.0,0,0,28228,13.0,,S,,,"St Austall, Cornwall"
3,1,"Pickard, Mr. Berk (Berk Trembisky)",male,32.0,0,0,SOTON/O.Q. 392078,8.05,E10,S,9,,
3,0,"Olsen, Mr. Ole Martin",male,,0,0,Fa 265302,7.3125,,S,,,
2,0,"Nesson, Mr. Israel",male,26.0,0,0,244368,13.0,F2,S,,,"Boston, MA"
2,0,"Lahtinen, Rev. William",male,30.0,1,1,250651,26.0,,S,,,"Minneapolis, MN"
1,0,"Hilliard, Mr. Herbert Henry",male,,0,0,17463,51.8625,E46,S,,,"Brighton, MA"
1,0,"Baxter, Mr. Quigg Edmond",male,24.0,0,1,PC 17558,247.5208,B58 B60,C,,,"Montreal, PQ"
2,1,"Reynaldo, Ms. Encarnacion",female,28.0,0,0,230434,13.0,,S,9,,Spain
3,1,"Baclini, Miss. Helene Barbara",female,0.75,2,1,2666,19.2583,,C,C,,"Syria New York, NY"
3,0,"Odahl, Mr. Nils Martin",male,23.0,0,0,7267,9.225,,S,,,
3,0,"Mineff, Mr. Ivan",male,24.0,0,0,349233,7.8958,,S,,,
3,0,"Palsson, Miss. Torborg Danira",female,8.0,3,1,349909,21.075,,S,,,
3,0,"Leinonen, Mr. Antti Gustaf",male,32.0,0,0,STON/O 2. 3101292,7.925,,S,,,
3,1,"Sunderland, Mr. Victor Francis",male,16.0,0,0,SOTON/OQ 392089,8.05,,S,B,,
1,0,"Stewart, Mr. Albert A",male,,0,0,PC 17605,27.7208,,C,,,"Gallipolis, Ohio / ? Paris / New York"
3,0,"Farrell, Mr. James",male,40.5,0,0,367232,7.75,,Q,,68.0,"Aughnacliff, Co Longford, Ireland New York, NY"
1,0,"Payne, Mr. Vivian Ponsonby",male,23.0,0,0,12749,93.5,B24,S,,,"Montreal, PQ"
1,1,"Bishop, Mr. Dickinson H",male,25.0,1,0,11967,91.0792,B49,C,7,,"Dowagiac, MI"
2,1,"Herman, Miss. Alice",female,24.0,1,2,220845,65.0,,S,9,,"Somerset / Bernardsville, NJ"
3,0,"Vander Cruyssen, Mr. Victor",male,47.0,0,0,345765,9.0,,S,,,
1,1,"Penasco y Castellana, Mrs. Victor de Satode (Maria Josefa Perez de Soto y Vallejo)",female,17.0,1,0,PC 17758,108.9,C65,C,8,,"Madrid, Spain"
1,1,"Bradley, Mr. George (""George Arthur Brayton"")",male,,0,0,111427,26.55,,S,9,,"Los Angeles, CA"
3,0,"Danbom, Mrs. Ernst Gilbert (Anna Sigrid Maria Brogren)",female,28.0,1,1,347080,14.4,,S,,,"Stanton, IA"
3,0,"Myhrman, Mr. Pehr Fabian Oliver Malkolm",male,18.0,0,0,347078,7.75,,S,,,
2,1,"Keane, Miss. Nora A",female,,0,0,226593,12.35,E101,Q,10,,"Harrisburg, PA"
3,1,"Persson, Mr. Ernst Ulrik",male,25.0,1,0,347083,7.775,,S,15,,
3,1,"Whabee, Mrs. George Joseph (Shawneene Abi-Saab)",female,38.0,0,0,2688,7.2292,,C,C,,
3,0,"Braf, Miss. Elin Ester Maria",female,20.0,0,0,347471,7.8542,,S,,,"Medeltorp, Sweden Chicago, IL"
3,0,"Sirota, Mr. Maurice",male,,0,0,392092,8.05,,S,,,
3,0,"Asplund, Master. Carl Edgar",male,5.0,4,2,347077,31.3875,,S,,,"Sweden  Worcester, MA"
3,0,"Pokrnic, Mr. Tome",male,24.0,0,0,315092,8.6625,,S,,,
3,0,"Zabour, Miss. Hileni",female,14.5,1,0,2665,14.4542,,C,,328.0,
3,1,"Sandstrom, Mrs. Hjalmar (Agnes Charlotta Bengtsson)",female,24.0,0,2,PP 9549,16.7,G6,S,13,,
3,0,"Fleming, Miss. Honora",female,,0,0,364859,7.75,,Q,,,
1,1,"Hippach, Mrs. Louis Albert (Ida Sophia Fischer)",female,44.0,0,1,111361,57.9792,B18,C,4,,"Chicago, IL"
3,0,"Lefebre, Miss. Jeannie",female,,3,1,4133,25.4667,,S,,,
3,0,"Goldsmith, Mr. Frank John",male,33.0,1,1,363291,20.525,,S,,,"Strood, Kent, England Detroit, MI"
3,0,"Peacock, Mrs. Benjamin (Edith Nile)",female,26.0,0,2,SOTON/O.Q. 3101315,13.775,,S,,,
3,0,"Ilmakangas, Miss. Ida Livija",female,27.0,1,0,STON/O2. 3101270,7.925,,S,,,
3,1,"Karlsson, Mr. Einar Gervasius",male,21.0,0,0,350053,7.7958,,S,13,,
1,1,"Hawksford, Mr. Walter James",male,,0,0,16988,30.0,D45,S,3,,"Kingston, Surrey"
3,0,"Shellard, Mr. Frederick William",male,,0,0,C.A. 6212,15.1,,S,,,
2,0,"Morley, Mr. Henry Samuel (""Mr Henry Marshall"")",male,39.0,0,0,250655,26.0,,S,,,
3,0,"Palsson, Mrs. Nils (Alma Cornelia Berglund)",female,29.0,0,4,349909,21.075,,S,,206.0,
1,1,"Endres, Miss. Caroline Louise",female,38.0,0,0,PC 17757,227.525,C45,C,4,,"New York, NY"
2,1,"Weisz, Mrs. Leopold (Mathilde Francoise Pede)",female,29.0,1,0,228414,26.0,,S,10,,"Bromsgrove, England / Montreal, PQ"
3,0,"Rouse, Mr. Richard Henry",male,50.0,0,0,A/5 3594,8.05,,S,,,
1,0,"Carrau, Mr. Jose Pedro",male,17.0,0,0,113059,47.1,,S,,,"Montevideo, Uruguay"
1,1,"Hassab, Mr. Hammad",male,27.0,0,0,PC 17572,76.7292,D49,C,3,,
2,0,"Eitemiller, Mr. George Floyd",male,23.0,0,0,29751,13.0,,S,,,"England / Detroit, MI"
1,1,"Minahan, Miss. Daisy E",female,33.0,1,0,19928,90.0,C78,Q,14,,"Green Bay, WI"
3,1,"Yasbeck, Mrs. Antoni (Selini Alexander)",female,15.0,1,0,2659,14.4542,,C,,,
1,1,"Appleton, Mrs. Edward Dale (Charlotte Lamson)",female,53.0,2,0,11769,51.4792,C101,S,D,,"Bayside, Queens, NY"
3,0,"Meek, Mrs. Thomas (Annie Louise Rowley)",female,,0,0,343095,8.05,,S,,,
3,1,"Nilsson, Miss. Berta Olivia",female,18.0,0,0,347066,7.775,,S,D,,
2,1,"Hold, Mrs. Stephen (Annie Margaret Hill)",female,29.0,1,0,26707,26.0,,S,10,,"England / Sacramento, CA"
1,1,"Ryerson, Mrs. Arthur Larned (Emily Maria Borie)",female,48.0,1,3,PC 17608,262.375,B57 B59 B63 B66,C,4,,"Haverford, PA / Cooperstown, NY"
3,0,"Johnson, Mr. Alfred",male,49.0,0,0,LINE,0.0,,S,,,
3,0,"Rice, Master. George Hugh",male,8.0,4,1,382652,29.125,,Q,,,
3,1,"Jalsevac, Mr. Ivan",male,29.0,0,0,349240,7.8958,,C,15,,
3,1,"Svensson, Mr. Johan Cervin",male,14.0,0,0,7538,9.225,,S,13,,
3,0,"Andersson, Miss. Ebba Iris Alfrida",female,6.0,4,2,347082,31.275,,S,,,"Sweden Winnipeg, MN"
2,0,"Berriman, Mr. William John",male,23.0,0,0,28425,13.0,,S,,,"St Ives, Cornwall / Calumet, MI"
3,0,"Zimmerman, Mr. Leo",male,29.0,0,0,315082,7.875,,S,,,
1,0,"Silvey, Mr. William Baird",male,50.0,1,0,13507,55.9,E44,S,,,"Duluth, MN"
1,0,"Harrison, Mr. William",male,40.0,0,0,112059,0.0,B94,S,,110.0,
2,0,"Kirkland, Rev. Charles Leonard",male,57.0,0,0,219533,12.35,,Q,,,"Glasgow / Bangor, ME"
3,0,"Asplund, Master. Clarence Gustaf Hugo",male,9.0,4,2,347077,31.3875,,S,,,"Sweden Worcester, MA"
3,0,"Wirz, Mr. Albert",male,27.0,0,0,315154,8.6625,,S,,131.0,
3,1,"Sundman, Mr. Johan Julian",male,44.0,0,0,STON/O 2. 3101269,7.925,,S,15,,
2,1,"Richards, Mrs. Sidney (Emily Hocking)",female,24.0,2,3,29106,18.75,,S,4,,"Cornwall / Akron, OH"
3,0,"Khalil, Mrs. Betros (Zahie ""Maria"" Elias)",female,,1,0,2660,14.4542,,C,,,
2,0,"Louch, Mr. Charles Alexander",male,50.0,1,0,SC/AH 3085,26.0,,S,,121.0,"Weston-Super-Mare, Somerset"
3,0,"Salander, Mr. Karl Johan",male,24.0,0,0,7266,9.325,,S,,,
1,1,"Harper, Mrs. Henry Sleeper (Myna Haxtun)",female,49.0,1,0,PC 17572,76.7292,D33,C,3,,"New York, NY"
2,1,"Duran y More, Miss. Florentina",female,30.0,1,0,SC/PARIS 2148,13.8583,,C,12,,"Barcelona, Spain / Havana, Cuba"
3,0,"Lefebre, Master. Henry Forbes",male,,3,1,4133,25.4667,,S,,,
3,1,"Stranden, Mr. Juho",male,31.0,0,0,STON/O 2. 3101288,7.925,,S,9,,
3,1,"Baclini, Miss. Marie Catherine",female,5.0,2,1,2666,19.2583,,C,C,,"Syria New York, NY"
2,0,"Jefferys, Mr. Ernest Wilfred",male,22.0,2,0,C.A. 31029,31.5,,S,,,"Guernsey / Elizabeth, NJ"
1,1,"Lindstrom, Mrs. Carl Johan (Sigrid Posse)",female,55.0,0,0,112377,27.7208,,C,6,,"Stockholm, Sweden"
3,0,"Adahl, Mr. Mauritz Nils Martin",male,30.0,0,0,C 7076,7.25,,S,,72.0,"Asarum, Sweden Brooklyn, NY"
1,1,"Harder, Mr. George Achilles",male,25.0,1,0,11765,55.4417,E50,C,5,,"Brooklyn, NY"
3,0,"Dantcheff, Mr. Ristiu",male,25.0,0,0,349203,7.8958,,S,,,"Bulgaria Chicago, IL"
3,1,"Lundstrom, Mr. Thure Edvin",male,32.0,0,0,350403,7.5792,,S,15,,
1,0,"Marvin, Mr. Daniel Warner",male,19.0,1,0,113773,53.1,D30,S,,,"New York, NY"
3,0,"Jensen, Mr. Hans Peder",male,20.0,0,0,350050,7.8542,,S,,,
1,0,"Stead, Mr. William Thomas",male,62.0,0,0,113514,26.55,C87,S,,,"Wimbledon Park, London / Hayling Island, Hants"
1,1,"Taylor, Mrs. Elmer Zebley (Juliet Cummins Wright)",female,,1,0,19996,52.0,C126,S,5 7,,"London /  East Orange, NJ"
3,1,"Sandstrom, Miss. Marguerite Rut",female,4.0,1,1,PP 9549,16.7,G6,S,13,,
2,1,"Drew, Mrs. James Vivian (Lulu Thorne Christian)",female,34.0,1,1,28220,32.5,,S,10,,"Greenport, NY"
1,1,"Frolicher, Miss. Hedwig Margaritha",female,22.0,0,2,13568,49.5,B39,C,5,,"Zurich, Switzerland"
1,1,"McGough, Mr. James Robert",male,36.0,0,0,PC 17473,26.2875,E25,S,7,,"Philadelphia, PA"
3,0,"Guest, Mr. Robert",male,,0,0,376563,8.05,,S,,,
1,0,"Rothschild, Mr. Martin",male,55.0,1,0,PC 17603,59.4,,C,,,"New York, NY"
3,0,"Thomas, Mr. Tannous",male,,0,0,2684,7.225,,C,,,
3,0,"Strom, Mrs. Wilhelm (Elna Matilda Persson)",female,29.0,1,1,347054,10.4625,G6,S,,,
2,0,"Cunningham, Mr. Alfred Fleming",male,,0,0,239853,0.0,,S,,,Belfast
3,0,"Hart, Mr. Henry",male,,0,0,394140,6.8583,,Q,,,
1,1,"Omont, Mr. Alfred Fernand",male,,0,0,F.C. 12998,25.7417,,C,7,,"Paris, France"
3,1,"Asplund, Master. Edvin Rojj Felix",male,3.0,4,2,347077,31.3875,,S,15,,"Sweden Worcester, MA"
1,1,"Allison, Master. Hudson Trevor",male,0.9167,1,2,113781,151.55,C22 C26,S,11,,"Montreal, PQ / Chesterville, ON"
1,1,"Fortune, Miss. Ethel Flora",female,28.0,3,2,19950,263.0,C23 C25 C27,S,10,,"Winnipeg, MB"
3,0,"Cacic, Mr. Jego Grga",male,18.0,0,0,315091,8.6625,,S,,,
3,0,"Todoroff, Mr. Lalio",male,,0,0,349216,7.8958,,S,,,
3,0,"Larsson, Mr. Bengt Edvin",male,29.0,0,0,347067,7.775,,S,,,
3,0,"Robins, Mrs. Alexander A (Grace Charity Laury)",female,47.0,1,0,A/5. 3337,14.5,,S,,7.0,
3,0,"Sage, Mr. John George",male,,1,9,CA. 2343,69.55,,S,,,
2,1,"Hewlett, Mrs. (Mary D Kingcome) ",female,55.0,0,0,248706,16.0,,S,13,,"India / Rapid City, SD"
3,0,"Rasmussen, Mrs. (Lena Jacobsen Solvang)",female,,0,0,65305,8.1125,,S,,,
3,0,"Balkic, Mr. Cerin",male,26.0,0,0,349248,7.8958,,S,,,
3,1,"Sheerlinck, Mr. Jan Baptist",male,29.0,0,0,345779,9.5,,S,11,,
1,1,"Williams, Mr. Richard Norris II",male,21.0,0,1,PC 17597,61.3792,,C,A,,"Geneva, Switzerland / Radnor, PA"
3,0,"Assaf, Mr. Gerios",male,21.0,0,0,2692,7.225,,C,,,"Ottawa, ON"
3,1,"Carr, Miss. Helen ""Ellen""",female,16.0,0,0,367231,7.75,,Q,16,,"Co Longford, Ireland New York, NY"
3,0,"Ling, Mr. Lee",male,28.0,0,0,1601,56.4958,,S,,,
3,0,"Andersson, Miss. Ingeborg Constanzia",female,9.0,4,2,347082,31.275,,S,,,"Sweden Winnipeg, MN"
3,0,"Andersson, Mrs. Anders Johan (Alfrida Konstantia Brogren)",female,39.0,1,5,347082,31.275,,S,,,"Sweden Winnipeg, MN"
3,0,"Vander Planke, Mrs. Julius (Emelia Maria Vandemoortele)",female,31.0,1,0,345763,18.0,,S,,,
3,0,"Skoog, Master. Karl Thorsten",male,10.0,3,2,347088,27.9,,S,,,
3,0,"Emir, Mr. Farred Chehab",male,,0,0,2631,7.225,,C,,,
3,1,"Asplund, Mr. Johan Charles",male,23.0,0,0,350054,7.7958,,S,13,,"Oskarshamn, Sweden Minneapolis, MN"
3,0,"McNeill, Miss. Bridget",female,,0,0,370368,7.75,,Q,,,
2,0,"Sharp, Mr. Percival James R",male,27.0,0,0,244358,26.0,,S,,,"Hornsey, England"
3,0,"Boulos, Mrs. Joseph (Sultana)",female,,0,2,2678,15.2458,,C,,,"Syria Kent, ON"
2,1,"Walcroft, Miss. Nellie",female,31.0,0,0,F.C.C. 13528,21.0,,S,14,,"Mamaroneck, NY"
3,0,"Paulner, Mr. Uscher",male,,0,0,3411,8.7125,,C,,,
2,1,"Padro y Manent, Mr. Julian",male,,0,0,SC/PARIS 2146,13.8625,,C,9,,"Spain / Havana, Cuba"
3,0,"Niklasson, Mr. Samuel",male,28.0,0,0,363611,8.05,,S,,,
2,1,"Quick, Miss. Phyllis May",female,2.0,1,1,26360,26.0,,S,11,,"Plymouth, Devon / Detroit, MI"
3,0,"Danbom, Mr. Ernst Gilbert",male,34.0,1,1,347080,14.4,,S,,197.0,"Stanton, IA"
3,0,"Skoog, Mr. Wilhelm",male,40.0,1,4,347088,27.9,,S,,,
2,1,"Lemore, Mrs. (Amelia Milley)",female,34.0,0,0,C.A. 34260,10.5,F33,S,14,,"Chicago, IL"
1,1,"Dodge, Mrs. Washington (Ruth Vidaver)",female,54.0,1,1,33638,81.8583,A34,S,5,,"San Francisco, CA"
3,0,"Minkoff, Mr. Lazar",male,21.0,0,0,349211,7.8958,,S,,,
2,0,"Slemen, Mr. Richard James",male,35.0,0,0,28206,10.5,,S,,,Cornwall
3,1,"Dahl, Mr. Karl Edwart",male,45.0,0,0,7598,8.05,,S,15,,"Australia Fingal, ND"
3,0,"Hendekovic, Mr. Ignjac",male,28.0,0,0,349243,7.8958,,S,,306.0,
3,0,"Johansson, Mr. Gustaf Joel",male,33.0,0,0,7540,8.6542,,S,,285.0,
3,0,"Moutal, Mr. Rahamin Haim",male,,0,0,374746,8.05,,S,,,
1,0,"Minahan, Dr. William Edward",male,44.0,2,0,19928,90.0,C78,Q,,230.0,"Fond du Lac, WI"
2,1,"del Carlo, Mrs. Sebastiano (Argenia Genovesi)",female,24.0,1,0,SC/PARIS 2167,27.7208,,C,12,,"Lucca, Italy / California"
3,1,"Emanuel, Miss. Virginia Ethel",female,5.0,0,0,364516,12.475,,S,13,,"New York, NY"
3,1,"Honkanen, Miss. Eliina",female,27.0,0,0,STON/O2. 3101283,7.925,,S,,,
2,0,"Downton, Mr. William James",male,54.0,0,0,28403,26.0,,S,,,"Holley, NY"
3,0,"Delalic, Mr. Redjo",male,25.0,0,0,349250,7.8958,,S,,,
3,0,"Simmons, Mr. John",male,,0,0,SOTON/OQ 392082,8.05,,S,,,
3,1,"Moran, Miss. Bertha",female,,1,0,371110,24.15,,Q,16,,
3,0,"Asplund, Master. Filip Oscar",male,13.0,4,2,347077,31.3875,,S,,,"Sweden Worcester, MA"
3,1,"Aks, Mrs. Sam (Leah Rosen)",female,18.0,0,1,392091,9.35,,S,13,,"London, England Norfolk, VA"
3,0,"Lemberopolous, Mr. Peter L",male,34.5,0,0,2683,6.4375,,C,,196.0,
3,1,"Connolly, Miss. Kate",female,22.0,0,0,370373,7.75,,Q,13,,Ireland
3,0,"Bourke, Mr. John",male,40.0,1,1,364849,15.5,,Q,,,"Ireland Chicago, IL"
1,1,"Douglas, Mrs. Walter Donald (Mahala Dutton)",female,48.0,1,0,PC 17761,106.425,C86,C,2,,"Deephaven, MN / Cedar Rapids, IA"
3,0,"Foley, Mr. William",male,,0,0,365235,7.75,,Q,,,Ireland
2,0,"Faunthorpe, Mr. Harry",male,40.0,1,0,2926,26.0,,S,,286.0,"England / Philadelphia, PA"
2,1,"Mellinger, Mrs. (Elizabeth Anne Maidment)",female,41.0,0,1,250644,19.5,,S,14,,"England / Bennington, VT"
3,1,"O'Brien, Mrs. Thomas (Johanna ""Hannah"" Godfrey)",female,,1,0,370365,15.5,,Q,,,
3,1,"Nicola-Yarred, Master. Elias",male,12.0,1,0,2651,11.2417,,C,C,,
3,0,"Kiernan, Mr. John",male,,1,0,367227,7.75,,Q,,,
3,0,"Doyle, Miss. Elizabeth",female,24.0,0,0,368702,7.75,,Q,,,"Ireland New York, NY"
1,0,"McCaffry, Mr. Thomas Francis",male,46.0,0,0,13050,75.2417,C6,C,,292.0,"Vancouver, BC"
1,1,"Goldenberg, Mrs. Samuel L (Edwiga Grabowska)",female,,1,0,17453,89.1042,C92,C,5,,"Paris, France / New York, NY"
3,0,"Nancarrow, Mr. William Henry",male,33.0,0,0,A./5. 3338,8.05,,S,,,
1,0,"Brewe, Dr. Arthur Jackson",male,,0,0,112379,39.6,,C,,,"Philadelphia, PA"
3,1,"Midtsjo, Mr. Karl Albert",male,21.0,0,0,345501,7.775,,S,15,,
1,1,"Perreault, Miss. Anne",female,30.0,0,0,12749,93.5,B73,S,3,,
2,0,"Collyer, Mr. Harvey",male,31.0,1,1,C.A. 31921,26.25,,S,,,"Bishopstoke, Hants / Fayette Valley, ID"
1,1,"Swift, Mrs. Frederick Joel (Margaret Welles Barron)",female,48.0,0,0,17466,25.9292,D17,S,8,,"Brooklyn, NY"
2,0,"Gilbert, Mr. William",male,47.0,0,0,C.A. 30769,10.5,,S,,,Cornwall
2,0,"del Carlo, Mr. Sebastiano",male,29.0,1,0,SC/PARIS 2167,27.7208,,C,,295.0,"Lucca, Italy / California"
2,0,"West, Mr. Edwy Arthur",male,36.0,1,2,C.A. 34651,27.75,,S,,,"Bournmouth, England"
3,1,"Ryan, Mr. Edward",male,,0,0,383162,7.75,,Q,14,,
3,0,"Olsson, Miss. Elina",female,31.0,0,0,350407,7.8542,,S,,,
3,1,"Assaf Khalil, Mrs. Mariana (""Miriam"")",female,45.0,0,0,2696,7.225,,C,C,,"Ottawa, ON"
3,0,"Robins, Mr. Alexander A",male,50.0,1,0,A/5. 3337,14.5,,S,,119.0,
2,1,"Nourney, Mr. Alfred (""Baron von Drachstedt"")",male,20.0,0,0,SC/PARIS 2166,13.8625,D38,C,7,,"Cologne, Germany"
1,1,"Chambers, Mr. Norman Campbell",male,27.0,1,0,113806,53.1,E8,S,5,,"New York, NY / Ithaca, NY"
1,1,"Barkworth, Mr. Algernon Henry Wilson",male,80.0,0,0,27042,30.0,A23,S,B,,"Hessle, Yorks"
3,0,"Sage, Mrs. John (Annie Bullen)",female,,1,9,CA. 2343,69.55,,S,,,
3,1,"Niskanen, Mr. Juha",male,39.0,0,0,STON/O 2. 3101289,7.925,,S,9,,
2,1,"Mallet, Master. Andre",male,1.0,0,2,S.C./PARIS 2079,37.0042,,C,10,,"Paris / Montreal, PQ"
2,1,"Collyer, Mrs. Harvey (Charlotte Annie Tate)",female,31.0,1,1,C.A. 31921,26.25,,S,14,,"Bishopstoke, Hants / Fayette Valley, ID"
1,1,"Lines, Miss. Mary Conover",female,16.0,0,1,PC 17592,39.4,D28,S,9,,"Paris, France"
3,1,"Dean, Miss. Elizabeth Gladys ""Millvina""",female,0.1667,1,2,C.A. 2315,20.575,,S,10,,"Devon, England Wichita, KS"
1,1,"Newsom, Miss. Helen Monypeny",female,19.0,0,2,11752,26.2833,D47,S,5,,"New York, NY"
3,0,"Elias, Mr. Joseph Jr",male,17.0,1,1,2690,7.2292,,C,,,
3,0,"O'Donoghue, Ms. Bridget",female,,0,0,364856,7.75,,Q,,,
3,0,"Ilmakangas, Miss. Pieta Sofia",female,25.0,1,0,STON/O2. 3101271,7.925,,S,,,
2,1,"Beane, Mrs. Edward (Ethel Clarke)",female,19.0,1,0,2908,26.0,,S,13,,"Norwich / New York, NY"
3,1,"Cohen, Mr. Gurshon ""Gus""",male,18.0,0,0,A/5 3540,8.05,,S,12,,"London Brooklyn, NY"
1,1,"Thayer, Mr. John Borland Jr",male,17.0,0,2,17421,110.8833,C70,C,B,,"Haverford, PA"
3,0,"Mernagh, Mr. Robert",male,,0,0,368703,7.75,,Q,,,
2,0,"Howard, Mr. Benjamin",male,63.0,1,0,24065,26.0,,S,,,"Swindon, England"
3,0,"Garfirth, Mr. John",male,,0,0,358585,14.5,,S,,,
1,0,"Smith, Mr. Richard William",male,,0,0,113056,26.0,A19,S,,,"Streatham, Surrey"
3,0,"Markoff, Mr. Marin",male,35.0,0,0,349213,7.8958,,C,,,
1,0,"McCarthy, Mr. Timothy J",male,54.0,0,0,17463,51.8625,E46,S,,175.0,"Dorchester, MA"
1,1,"Hogeboom, Mrs. John C (Anna Andrews)",female,51.0,1,0,13502,77.9583,D11,S,10,,"Hudson, NY"
3,0,"Cor, Mr. Bartol",male,35.0,0,0,349230,7.8958,,S,,,Austria
2,1,"Duran y More, Miss. Asuncion",female,27.0,1,0,SC/PARIS 2149,13.8583,,C,12,,"Barcelona, Spain / Havana, Cuba"
3,0,"Canavan, Miss. Mary",female,21.0,0,0,364846,7.75,,Q,,,
3,0,"Petterson, Mr. Johan Emil",male,25.0,1,0,347076,7.775,,S,,,
2,0,"Sobey, Mr. Samuel James Hayden",male,25.0,0,0,C.A. 29178,13.0,,S,,,"Cornwall / Houghton, MI"
3,0,"Mionoff, Mr. Stoytcho",male,28.0,0,0,349207,7.8958,,S,,,
3,1,"Moor, Master. Meier",male,6.0,0,1,392096,12.475,E121,S,14,,
3,0,"Panula, Mr. Ernesti Arvid",male,16.0,4,1,3101295,39.6875,,S,,,
1,0,"Millet, Mr. Francis Davis",male,65.0,0,0,13509,26.55,E38,S,,249.0,"East Bridgewater, MA"
1,0,"Borebank, Mr. John James",male,42.0,0,0,110489,26.55,D22,S,,,"London / Winnipeg, MB"
3,0,"Doharr, Mr. Tannous",male,,0,0,2686,7.2292,,C,,,
2,0,"Moraweck, Dr. Ernest",male,54.0,0,0,29011,14.0,,S,,,"Frankfort, KY"
3,0,"Wiklund, Mr. Karl Johan",male,21.0,1,0,3101266,6.4958,,S,,,
1,1,"Dick, Mr. Albert Adrian",male,31.0,1,0,17474,57.0,B20,S,3,,"Calgary, AB"
3,0,"Johnson, Mr. Malkolm Joackim",male,33.0,0,0,347062,7.775,,S,,37.0,
2,1,"Smith, Miss. Marion Elsie",female,40.0,0,0,31418,13.0,,S,9,,
3,0,"Dooley, Mr. Patrick",male,32.0,0,0,370376,7.75,,Q,,,"Ireland New York, NY"
1,0,"Rood, Mr. Hugh Roscoe",male,,0,0,113767,50.0,A32,S,,,"Seattle, WA"
1,1,"Barber, Miss. Ellen ""Nellie""",female,26.0,0,0,19877,78.85,,S,6,,
1,1,"Willard, Miss. Constance",female,21.0,0,0,113795,26.55,,S,8 10,,"Duluth, MN"
3,0,"Abbing, Mr. Anthony",male,42.0,0,0,C.A. 5547,7.55,,S,,,
2,1,"Davies, Mrs. John Morgan (Elizabeth Agnes Mary White) ",female,48.0,0,2,C.A. 33112,36.75,,S,14,,"St Ives, Cornwall / Hancock, MI"
1,0,"Hoyt, Mr. William Fisher",male,,0,0,PC 17600,30.6958,,C,14,,"New York, NY"
3,0,"Haas, Miss. Aloisia",female,24.0,0,0,349236,8.85,,S,,,
1,1,"Beckwith, Mr. Richard Leonard",male,37.0,1,1,11751,52.5542,D35,S,5,,"New York, NY"
3,1,"Asplund, Mrs. Carl Oscar (Selma Augusta Emilia Johansson)",female,38.0,1,5,347077,31.3875,,S,15,,"Sweden  Worcester, MA"
3,0,"Rogers, Mr. William John",male,,0,0,S.C./A.4. 23567,8.05,,S,,,
3,0,"Goodwin, Mr. Charles Frederick",male,40.0,1,6,CA 2144,46.9,,S,,,"Wiltshire, England Niagara Falls, NY"
3,0,"Van Impe, Mrs. Jean Baptiste (Rosalie Paula Govaert)",female,30.0,1,1,345773,24.15,,S,,,
2,1,"Slayter, Miss. Hilda Mary",female,30.0,0,0,234818,12.35,,Q,13,,"Halifax, NS"
3,0,"Vander Planke, Mr. Leo Edmondus",male,16.0,2,0,345764,18.0,,S,,,
3,1,"Bradley, Miss. Bridget Delia",female,22.0,0,0,334914,7.725,,Q,13,,"Kingwilliamstown, Co Cork, Ireland Glens Falls, NY"
3,0,"Lefebre, Miss. Mathilde",female,,3,1,4133,25.4667,,S,,,
1,0,"Long, Mr. Milton Clyde",male,29.0,0,0,113501,30.0,D6,S,,126.0,"Springfield, MA"
3,0,"Lobb, Mrs. William Arthur (Cordelia K Stanlick)",female,26.0,1,0,A/5. 3336,16.1,,S,,,
3,0,"Cacic, Mr. Luka",male,38.0,0,0,315089,8.6625,,S,,,Croatia
2,0,"Mudd, Mr. Thomas Charles",male,16.0,0,0,S.O./P.P. 3,10.5,,S,,,"Halesworth, England"
3,1,"Olsen, Master. Artur Karl",male,9.0,0,1,C 17368,3.1708,,S,13,,
2,0,"Kvillner, Mr. Johan Henrik Johannesson",male,31.0,0,0,C.A. 18723,10.5,,S,,165.0,"Sweden / Arlington, NJ"
3,1,"Healy, Miss. Hanora ""Nora""",female,,0,0,370375,7.75,,Q,16,,
3,0,"Danbom, Master. Gilbert Sigvard Emanuel",male,0.3333,0,2,347080,14.4,,S,,,"Stanton, IA"
1,0,"Ryerson, Mr. Arthur Larned",male,61.0,1,3,PC 17608,262.375,B57 B59 B63 B66,C,,,"Haverford, PA / Cooperstown, NY"
1,1,"Beckwith, Mrs. Richard Leonard (Sallie Monypeny)",female,47.0,1,1,11751,52.5542,D35,S,5,,"New York, NY"
2,0,"Jacobsohn, Mr. Sidney Samuel",male,42.0,1,0,243847,27.0,,S,,,London
3,0,"Samaan, Mr. Elias",male,,2,0,2662,21.6792,,C,,,
1,0,"Spencer, Mr. William Augustus",male,57.0,1,0,PC 17569,146.5208,B78,C,,,"Paris, France"
3,0,"Lefebre, Miss. Ida",female,,3,1,4133,25.4667,,S,,,
3,0,"Smith, Mr. Thomas",male,,0,0,384461,7.75,,Q,,,
2,1,"Davies, Master. John Morgan Jr",male,8.0,1,1,C.A. 33112,36.75,,S,14,,"St Ives, Cornwall / Hancock, MI"
3,1,"Foo, Mr. Choong",male,,0,0,1601,56.4958,,S,13,,"Hong Kong New York, NY"
2,1,"Beesley, Mr. Lawrence",male,34.0,0,0,248698,13.0,D56,S,13,,London
3,0,"Dennis, Mr. Samuel",male,22.0,0,0,A/5 21172,7.25,,S,,,
1,1,"Gibson, Miss. Dorothy Winifred",female,22.0,0,1,112378,59.4,,C,7,,"New York, NY"
3,0,"Horgan, Mr. John",male,,0,0,370377,7.75,,Q,,,
3,1,"Peter, Mrs. Catherine (Catherine Rizk)",female,,0,2,2668,22.3583,,C,D,,
1,1,"Daniel, Mr. Robert Williams",male,27.0,0,0,113804,30.5,,S,3,,"Philadelphia, PA"
2,0,"Ashby, Mr. John",male,57.0,0,0,244346,13.0,,S,,,"West Hoboken, NJ"
3,1,"Tenglin, Mr. Gunnar Isidor",male,25.0,0,0,350033,7.7958,,S,13 15,,
2,0,"Kantor, Mr. Sinai",male,34.0,1,0,244367,26.0,,S,,283.0,"Moscow / Bronx, NY"
1,1,"Frauenthal, Mrs. Henry William (Clara Heinsheimer)",female,,1,0,PC 17611,133.65,,S,5,,"New York, NY"
3,1,"Murphy, Miss. Nora",female,,0,0,36568,15.5,,Q,16,,
3,0,"O'Sullivan, Miss. Bridget Mary",female,,0,0,330909,7.6292,,Q,,,
3,0,"Pettersson, Miss. Ellen Natalia",female,18.0,0,0,347087,7.775,,S,,,
3,0,"Williams, Mr. Leslie",male,28.5,0,0,54636,16.1,,S,,14.0,
3,1,"Heikkinen, Miss. Laina",female,26.0,0,0,STON/O2. 3101282,7.925,,S,,,
3,0,"Petranec, Miss. Matilda",female,28.0,0,0,349245,7.8958,,S,,,
